Position,Consensus,Conservation_Score,Residues
1,M,1.00,-MM
2,E,0.50,-EQ
3,G,1.00,--G
4,V,1.00,--V
5,K,1.00,--K
6,E,1.00,--E
7,R,1.00,--R
8,F,1.00,--F
9,L,1.00,--L
10,P,1.00,-PP
11,P,0.50,-PL
12,G,1.00,-GG
13,N,1.00,--N
14,S,1.00,--S
15,G,1.00,--G
16,D,1.00,--D
17,R,1.00,--R
18,A,1.00,--A
19,P,1.00,-PP
20,S,0.50,-SR
21,T,0.50,-TP
22,P,1.00,-PP
23,T,0.50,-TD
24,A,0.50,-AG
25,S,0.50,-SR
26,A,0.50,-AG
27,A,0.50,-AR
28,A,0.50,-AV
29,R,1.00,-RR
30,P,1.00,--P
31,R,1.00,--R
32,T,1.00,--T
33,Q,1.00,--Q
34,D,1.00,--D
35,G,1.00,--G
36,A,0.50,-AV
37,D,0.50,-DG
38,H,0.50,-HN
39,Y,0.50,-YH
40,T,1.00,-TT
41,M,0.33,MPV
42,A,0.67,AGA
43,R,0.67,RLR
44,I,0.67,IRI
45,P,1.00,PPP
46,K,0.33,KLN
47,T,0.67,TPT
48,L,0.67,LKL
49,K,0.67,KRK
50,R,1.00,-R-
51,L,1.00,-L-
52,L,1.00,-L-
53,Y,1.00,-Y-
54,S,1.00,-S-
55,F,1.00,-F-
56,A,1.00,-A-
57,L,1.00,-L-
58,F,0.67,FLF
59,V,0.67,VLV
60,V,0.67,VAV
61,V,1.00,VVV
62,I,0.67,ILI
63,V,0.67,VQV
64,A,1.00,AAA
65,V,1.00,VVV
66,L,0.67,LFL
67,L,0.67,LVL
68,P,1.00,PPP
69,V,1.00,VVV
70,L,0.67,LTL
71,A,1.00,AAA
72,Y,0.67,YNY
73,S,0.67,SPS
74,A,1.00,AAA
75,T,0.67,THT
76,T,0.67,TNT
77,R,1.00,-R-
78,P,1.00,-P-
79,A,1.00,-A-
80,G,1.00,-G-
81,L,1.00,-L-
82,A,0.67,AQA
83,R,1.00,RRR
84,Q,0.67,QPQ
85,E,1.00,EEE
86,E,1.00,EEE
87,V,0.67,VSV
88,P,1.00,PPP
89,Q,0.67,QSQ
90,Q,0.67,QRQ
91,T,0.67,TGT
92,V,1.00,V-V
93,A,1.00,A-A
94,P,1.00,P-P
95,Q,1.00,Q-Q
96,Q,1.00,Q-Q
97,Q,1.00,Q-Q
98,R,1.00,R-R
99,H,1.00,H-H
100,S,1.00,S-S
101,F,1.00,F-F
102,K,0.50,K-E
103,G,1.00,G-G
104,E,1.00,E-E
105,E,0.67,EPE
106,C,1.00,CCC
107,P,0.67,PLP
108,A,1.00,AAA
109,G,1.00,GGG
110,S,0.67,SQS
111,H,0.67,HYH
112,R,0.67,RLR
113,S,1.00,SSS
114,E,1.00,EEE
115,H,1.00,H-H
116,T,1.00,T-T
117,G,1.00,GGG
118,A,0.67,ANA
119,C,1.00,CCC
120,N,0.67,NKN
121,P,0.67,PPL
122,C,1.00,CCC
123,T,0.67,TRT
124,E,1.00,EEE
125,G,1.00,GGG
126,V,0.67,VIV
127,D,1.00,DDD
128,Y,1.00,YYY
129,T,1.00,TTT
130,N,0.67,NSN
131,A,0.67,AHA
132,S,1.00,SSS
133,N,1.00,NNN
134,N,0.67,NHN
135,E,0.67,ESE
136,L,1.00,-L-
137,P,0.67,PDP
138,S,1.00,SSS
139,C,1.00,CCC
140,F,0.67,FIF
141,P,0.67,PLP
142,C,1.00,CCC
143,T,1.00,TTT
144,V,1.00,VVV
145,C,1.00,CCC
146,K,1.00,KKK
147,S,0.67,SES
148,D,1.00,DDD
149,Q,0.67,QKQ
150,K,0.67,KVK
151,H,0.67,HVH
152,K,0.67,KEK
153,S,0.67,STS
154,S,0.67,SRS
155,C,1.00,CCC
156,T,0.67,TNT
157,M,0.67,MIM
158,T,1.00,TTT
159,R,0.67,RTR
160,D,0.67,DND
161,T,1.00,TTT
162,V,1.00,VVV
163,C,1.00,CCC
164,Q,0.67,QRQ
165,C,1.00,CCC
166,K,1.00,KKK
167,E,0.67,EPE
168,G,1.00,GGG
169,T,1.00,TTT
170,F,1.00,FFF
171,R,0.67,RER
172,N,0.67,NDN
173,E,0.67,EKE
174,N,0.67,NDN
175,S,1.00,SSS
176,P,1.00,PPP
177,E,1.00,EEE
178,M,0.67,MIM
179,C,1.00,CCC
180,R,0.67,RQR
181,K,0.67,KSK
182,C,1.00,CCC
183,S,1.00,SSS
184,R,0.67,RNR
185,C,1.00,CCC
186,P,0.67,PTP
187,S,0.67,SDS
188,G,1.00,GGG
189,E,1.00,EEE
190,V,0.67,VEV
191,Q,0.67,QEQ
192,V,0.67,VLV
193,S,0.67,STS
194,N,0.67,NSN
195,C,1.00,CCC
196,T,1.00,TTT
197,S,0.67,SPS
198,W,0.67,WRW
199,D,0.67,DED
200,D,0.67,DND
201,I,0.67,IRI
202,Q,0.67,QKQ
203,C,1.00,CCC
204,V,1.00,VVV
205,E,0.67,ESE
206,E,0.67,EKE
207,T,1.00,-T-
208,A,1.00,-A-
209,W,1.00,-W-
210,A,1.00,-A-
211,S,1.00,-S-
212,W,1.00,-W-
213,H,1.00,-H-
214,K,1.00,-K-
215,L,1.00,-L-
216,G,1.00,-G-
217,L,1.00,-L-
218,W,1.00,-W-
219,I,1.00,-I-
220,G,1.00,-G-
221,L,1.00,-L-
222,L,1.00,-L-
223,V,1.00,-V-
224,P,1.00,-P-
225,V,1.00,-V-
226,V,1.00,-V-
227,L,1.00,-L-
228,L,1.00,-L-
229,F,0.67,FIF
230,G,1.00,GGG
231,A,1.00,AAA
232,N,0.33,NLS
233,A,0.67,ALA
234,T,0.67,TVT
235,V,0.67,VWV
236,E,0.67,EKE
237,T,1.00,TTT
238,G,1.00,-G-
239,A,1.00,-A-
240,W,1.00,-W-
241,R,1.00,-R-
242,Q,1.00,-Q-
243,W,1.00,-W-
244,L,1.00,-L-
245,L,1.00,-L-
246,C,1.00,-C-
247,I,1.00,-I-
248,K,1.00,-K-
249,R,1.00,-R-
250,G,1.00,-G-
251,C,1.00,-C-
252,E,1.00,-E-
253,R,1.00,-R-
254,D,1.00,-D-
255,P,1.00,PPP
256,A,0.67,AEA
257,A,0.67,ASA
258,E,0.67,EAE
259,E,0.67,ENE
260,T,0.67,TST
261,M,0.67,MVM
262,N,0.67,NHN
263,T,0.67,TST
264,S,1.00,SSS
265,L,1.00,-L-
266,L,1.00,-L-
267,D,1.00,-D-
268,P,0.67,PRP
269,G,0.67,GQG
270,T,1.00,TTT
271,P,0.67,PSP
272,A,0.67,ASA
273,P,0.67,PTP
274,A,0.67,ATA
275,A,0.67,ANA
276,E,0.67,EDE
277,E,0.67,ESE
278,T,0.67,TNT
279,M,0.67,MHM
280,N,1.00,NNN
281,T,1.00,TTT
282,S,0.67,SES
283,P,1.00,PPP
284,G,1.00,GGG
285,T,0.67,TKT
286,P,0.67,PTP
287,A,0.67,AQA
288,P,0.67,PKP
289,A,0.67,ATA
290,A,0.67,AGA
291,E,0.67,EKE
292,E,0.67,EKE
293,T,0.67,TLT
294,M,0.67,MLM
295,T,0.33,TVN
296,T,0.67,TPT
297,S,0.67,SVS
298,P,0.67,PNP
299,G,1.00,GGG
300,T,0.67,TNT
301,P,0.67,PDP
302,A,0.67,ASA
303,P,0.67,PAP
304,D,1.00,-D-
305,D,1.00,-D-
306,L,1.00,-L-
307,K,1.00,-K-
308,F,1.00,-F-
309,I,1.00,-I-
310,F,1.00,-F-
311,E,1.00,-E-
312,Y,1.00,-Y-
313,C,1.00,-C-
314,S,1.00,-S-
315,D,1.00,-D-
316,I,1.00,-I-
317,V,1.00,-V-
318,P,1.00,-P-
319,F,1.00,-F-
320,D,1.00,-D-
321,S,1.00,-S-
322,W,1.00,-W-
323,N,1.00,-N-
324,R,1.00,-R-
325,L,1.00,-L-
326,M,1.00,-M-
327,R,1.00,-R-
328,Q,1.00,-Q-
329,L,1.00,-L-
330,G,1.00,-G-
331,L,1.00,-L-
332,T,1.00,-T-
333,D,1.00,-D-
334,N,1.00,-N-
335,Q,1.00,-Q-
336,I,1.00,-I-
337,Q,1.00,-Q-
338,M,1.00,-M-
339,A,0.67,AVA
340,A,0.67,AKA
341,E,0.67,EAE
342,E,1.00,EEE
343,T,1.00,TTT
344,M,0.67,MLM
345,T,0.33,TVN
346,T,1.00,TTT
347,R,1.00,-R-
348,E,1.00,-E-
349,A,1.00,-A-
350,L,1.00,-L-
351,Y,1.00,-Y-
352,Q,1.00,-Q-
353,M,1.00,-M-
354,L,1.00,-L-
355,L,1.00,-L-
356,K,1.00,-K-
357,W,1.00,-W-
358,R,1.00,-R-
359,H,1.00,-H-
360,S,0.67,SQS
361,P,0.67,PTP
362,G,1.00,GGG
363,T,0.67,TRT
364,P,0.67,PSP
365,A,1.00,AAA
366,P,0.67,PSP
367,I,1.00,-I-
368,N,1.00,-N-
369,H,1.00,-H-
370,L,1.00,-L-
371,L,1.00,-L-
372,D,1.00,-D-
373,A,1.00,-A-
374,L,1.00,-L-
375,E,1.00,-E-
376,A,1.00,AAA
377,A,0.67,AVA
378,E,1.00,EEE
379,E,1.00,EEE
380,T,0.33,TRK
381,D,1.00,-D-
382,A,1.00,-A-
383,M,1.00,-M-
384,E,1.00,-E-
385,K,1.00,-K-
386,I,1.00,-I-
387,E,1.00,-E-
388,D,1.00,-D-
389,Y,1.00,-Y-
390,A,1.00,-A-
391,V,1.00,-V-
392,K,1.00,-K-
393,S,1.00,-S-
394,G,1.00,-G-
395,R,1.00,-R-
396,F,1.00,-F-
397,T,1.00,-T-
398,Y,1.00,-Y-
399,Q,1.00,-Q-
400,N,1.00,-N-
401,M,0.67,MAM
402,I,0.33,IAT
403,T,0.67,TAT
404,S,0.67,SQS
405,P,1.00,PPP
406,G,0.67,GEG
407,T,1.00,TTT
408,G,1.00,-G-
409,P,1.00,PPP
410,A,0.67,AGA
411,S,0.67,SGS
412,S,1.00,SSS
413,H,0.67,HQH
414,Y,1.00,Y-Y
415,L,1.00,L-L
416,S,1.00,S-S
417,C,1.00,CCC
418,T,1.00,T-T
419,I,1.00,I-I
420,V,1.00,V-V
421,G,1.00,G-G
422,I,1.00,I-I
423,I,1.00,I-I
424,V,1.00,V-V
425,L,1.00,L-L
426,I,1.00,I-I
427,V,1.00,V-V
428,L,1.00,L-L
429,L,1.00,L-L
430,I,1.00,I-I
431,V,1.00,V-V
432,F,1.00,F-F
433,V,1.00,VVV
